id,place,rocks,latitude,longitude
1,Aegean Sea Plate,"Sediment, Sedimentary rock, Calc-schist, Breccia, Leptite, Porphyroid, Metadolerite, Metavolcanic rock, Restite, Metaperidotite, Metapyroxenite, Metagabbro, Granofels, Metasomatic-rock, Epidosite, Mylonite, Cataclasite, Metadiorite, Serpentinite, Metasedimentary rock, Jade, Granulite, Eclogite, Garnetite, Migmatite, Amphibolite, Gneiss, Laterite, Regolith, Duricrust, Alluvial deposit, Lacustrine deposit, Cipolin, Marble, Metalimestone, Calc-silicate rock, Ophicarbonate, Schist",24,34
2,Afghanistan,"Iron ore, Mafic rock, Nordmarkite, Umptekite, Bostonite,  Granitoid, Quartz-syenite, Syenite, Quartz-monzonite, Monzonite, Dioritoid, Sodalite-syenite, Nepheline-syenite, Cancrinite-syenite, Shonkinite, Gabbroid, Picrobasalt, Ultramafic-rock, Peridotite, Pyroxenite, Hornblendite, Aplite, Dolerite, Ophiolite, Melilitite, Lamproite, Lamprophyre, Kimberlite, Nelsonite, Phoscorite, Chromitite, Magnetitite, Cumulate, Porphyry, Gravel, Sand, Laterite, Saprolite, Silcrete, Ferricrete, Caliche, Gossan, Alluvial deposit, Lacustrine deposit, Carbonate sediment, Ooze, Sedimentary rock",33.7680065,66.2385139
3,Africa,"Gabbro, Pyroxenite, Ophiolite",11.5024338,17.7578122
4,African Plate,"Granitoid, Monzogabbro, Gabbro, Aplite, Dolerite, Ophiolite, Porphyry, Lamprophyre, Kimberlite, Obsidian, Pumice, Pyroclastic sediment, Pyroclastic-rock, Volcanic breccia, Pegmatite, Gravel, Red bed, Sandstone, Mudstone, Limestone, Chert, H5 chondrite meteorite",37,51
6,Albania,"Granitoid, Monzogabbro, Gabbro, Aplite, Dolerite, Ophiolite, Porphyry, Lamprophyre, Kimberlite, Obsidian, Pumice, Pyroclastic sediment, Pyroclastic-rock, Volcanic breccia, Pegmatite, Gravel, Red bed, Sandstone, Mudstone, Limestone, Chert, H5 chondrite meteorite",41.000028,19.9999619
7,Algeria,"Gabbro, Granite, Peridotite, Pyroxenite, Rhyolite, Trachyandesite, Latite, Trachybasalt, Trachyte, Foidite, Basalt, Basanite, Phonolitic-tephrite, Tephrite, Basanitoid, Ironstone, Sandstone, Dolerite, Carbonatite, Lamproite, Gneiss",28.0000272,2.999825
8,Altiplano Plate,"Granitoid, Monzogabbro, Gabbro, Aplite, Dolerite, Ophiolite, Porphyry, Lamprophyre, Kimberlite, Obsidian, Pumice, Pyroclastic sediment, Pyroclastic-rock, Volcanic breccia, Pegmatite, Gravel, Red bed, Sandstone, Mudstone, Limestone, Chert, H5 chondrite meteorite",-16.0036,-69.6533
9,Amur Plate," Mafic rock, Basite, Belugit, Granitoid, Syenitoid, Quartz-monzodiorite, Carbonatite, Lamprophyre, Chromitite, Cumulate, Glassy igneous rock, Pyroclastic-rock, Volcanic breccia, Pegmatite, Sediment, Sedimentary rock, Leptite, Porphyroid, Parabasalt, Metadolerite, Metavolcanic rock, Metagranite, Metahornblendite, Metagabbr, Metadiorite, Serpentinite, Metasedimentary rock, Jade, Granulite, Eclogite, Amphibolite, Gneiss, Marble, Carbonate-silicate rock, Calc-silicate rock,  Schist, Metasomatic-rock,  Mylonite,  Cataclasite,  H5 chondrite meteorite,  H5-7 chondrite meteorite,  L3 chondrite meteorite,  L4 chondrite meteorite,  L6 chondrite meteorite,  Mesosiderite meteorite,  Iron meteorite, Soil, Laterite, Alluvial deposit, Lacustrine deposit",52.4,128.3
10,Anatolia Plate,"Granitoid, Dioritoid, Gabbroid, Foidolite, Peridotite, Pyroxenite, Hornblendite, Aplite, Andesite-basalt, Pillow lava, Trachyandesite, Trachybasalt, Trachyte, Andesite, Basalt, Ultramafic-rock, Dolerite, Ophiolite, Porphyry, Carbonatite, Lamproite, Lamprophyre, Glassy igneous rock, Pyroclastic-rock, Tuffite, Volcanic breccia, Clay, Sandstone, Mudstone, Limestone, Dolostone, Evaporite, Ironstone, Radiolarite, Chert, Volcaniclastic rock, Calc-schist, Tectonite, Metavolcanic rock, Metagranite, Metagranodiorite, Metagabbro, Serpentinite, Metasandstone, Metamudstone, Granulite, Amphibolite, Gneiss, Schist, Hornfels, Fenite, Skarn, Listvenite, Hydrothermal breccia, Meteorite, Laterite, Silcrete, Ferricrete, Gossan, Alluvial deposit",39.0004,32.9979
11,Andorra,Schist,42.5407167,1.5732033
12,Angola,"Granitoid, Nordmarkite, Umptekite, Syenite, Monzonite, Gabbro, Nepheline-syenite, Foidolite, Peridotite, Pyroxenite, Hornblendite, Latite, Trachyte, Phonolite, Nephelinite, Basanitoid, Dolerite, Porphyry, Carbonatite, Melilitolite, Lamprophyre, Kimberlit, Pegmatite, Sandstone, Petrified Wood, Granulite, Amphibolite, Gneiss, Schist",-11.8775768,17.5691241
13,Anguilla,"Humic coal series, Basic volcanic rock",18.1954947,-63.0750234
14,Antarctic Meteorites,"Orbiculite, Granitoid, Monzogabbro, Gabbro, Nepheline-syenite, Peridotite, Pyroxenite, Hornblendite, Aplite, Picrobasalt, Dolerite, Ophiolite, Lamproite, Lamprophyre, Glassy igneous rock, Pyroclastic sediment, Agglomerate, Lapilli-tuff, Tuff, Pegmatite",-83.1789,155.836
15,Antarctic Plate,"Orbiculite, Granitoid, Monzogabbro, Gabbro, Nepheline-syenite, Peridotite, Pyroxenite, Hornblendite, Aplite, Pillow lava, Rhyolitoid, Quartz-trachyte, Trachyandesite, Trachybasalt, Trachyte, Leucitite, Nephelinite, Basalt, Adakite, Picrobasalt, Dolerite, Ophiolite, Lamproite, Lamprophyre, Agglomerate, Lapilli-tuff, Tuff, Pegmatite, Sandstone, Petrified Wood, Metamorphic rock, Meteorite",82.8628,135
18,Arabian Peninsula,"Alkali-feldspar-granite, Granite, Granodiorite, Tonalite, Dioritoid, Gabbro, Peridotite, Pyroxenite, Aplite, Pillow lava, Rhyolite, Quartz-trachyte, Trachyandesite, Trachybasalt, Trachyte, Basalt, Dolerite, Ophiolite, Porphyry, Carbonatite, Agglomerate, Tuff, Pegmatite, Sandstone, Mudstone, Concretion, Limestone, Dolostone, Phosphorite, Chert, Volcaniclastic rock, Serpentinite, Granulite, Amphibolite, Gneiss, Schist, Greisen, CR2 chondrite meteorite, EH3 chondrite meteorite, H5 chondrite meteorite, Lunar achondrite meteorite, Mesosiderite meteorite, Gossan",22.3742506,49.4770891
19,Arabian Plate,"Alkali-feldspar-granite, Granite, Granodiorite, Tonalite, Dioritoid, Gabbro, Peridotite, Pyroxenite, Aplite, Pillow lava, Rhyolite, Quartz-trachyte, Trachyandesite, Latite, Trachybasalt, Trachyte, Basalt, Variolite, Basanite, Tephrite, Dolerite, Ophiolite, Porphyry, Carbonatite, Glassy igneous rock, Agglomerate, Tuff, Pegmatite, Mud, Sandstone, Mudstone, Concretion, Limestone, Dolostone, Phosphorite, Radiolarite, Chert, Volcaniclastic rock, Calc-schist, Pyrometamorphic rock, Granulite, Amphibolite, Gneiss, Schist, Greisen, Hydrothermal breccia, CR2 chondrite meteorite, EH3 chondrite meteorite, H5 chondrite meteorite, Lunar achondrite meteorite, Mesosiderite meteorite, Duricrust",26.2367063,50.5909435
20,Arctic Ocean,"Tuff, Glassy igneous rock",83,-170
22,Armenia,"Granitoid, Syenite, Quartz-monzonite, Monzonite, Monzogabbro, Gabbro, Andesite-basalt, Pillow lava, Porphyry, Pyroclastic-rock, Tuffite, Volcanic breccia, Sandstone, Porphyroid, Schist, Metasomatic-rock",40.7696272,44.6736646
23,Aruba,Sedimentary rock,12.5013629,-69.9618475
24,Asia,"Copper ore, Gold ore, Iron ore, Nickel ore, Phosphate ore, Igneous rock, Sediment, Sedimentary rock, Metamorphic rock, Breccia, Meteorite, Soil, Residual deposit, Alluvial deposit, Lacustrine deposit",51.2086975,89.2343748
25,Atlantic Ocean,"Granitoid, Quartz-syenite, Syenite, Diorite, Gabbroid, Peridotite, Pyroxenite, Hornblendite, Pillow lava, Rhyolite, Basaltic-trachyandesite, Trachyandesite, Trachybasalt, Trachyte, Phonolite, Foidite, Basalt, Felsite, Basanitoid, Picrobasalt, Ultramafic-rock, Dolerite, Ophiolite, Porphyry, Carbonatite, Lamprophyre, Glassy igneous rock, Pyroclastic sediment, Pyroclastic-rock, Tuffite, Pegmatite, Gravel, Sand, Ooze, Sandstone, Mudstone, Limestone, Phosphorite, Ironstone, Radiolarite, Sinter, Chert, Serpentinite, Metasedimentary rock, Granulite, Amphibolite, Gneiss, Schist",13.581921,-38.320312
26,Australia,"Copper ore, Iron ore, Lead ore, Phosphate ore, Silver ore, Sulfide ore, Tin ore, Mafic rock, Orbiculite, Granitoid, Quartz-syenite, Syenite, Quartz-monzonite, Monzonite, Monzodiorite, Quartz-diorite, Diorite, Gabbro, Nepheline-syenite, Shonkinite, Peridotite, Pyroxenite, Hornblendite, Aplite, Banatite, Ultramafic-rock, Dolerite, Ophiolite, Porphyry, Carbonatite, Melilitolite, Melilitite, Olivine-melilitite, Lamproite, Lamprophyre, Kimberlite, Phoscorite, Chromitite, Cumulate, Pyroclastic sediment, Pyroclastic-rock, Volcanic breccia, Pegmatite, Sediment, Sedimentary rock, Tectonite, Metadolerite, Metavolcanic rock, Metagranite, Metagabbro, Metadiorite, Serpentinite, Metasedimentary rock, Jade, Granulite, Amphibolite, Slate, Phyllite, Spilite, Greenschist, Greenstone, Gneiss, Schist, Hornfels, Replacement phosphorite, Fenite, Greisen, Skarn, Propylite, Albitite, Hydrothermal breccia, Epidosite, Mylonite, Breccia, Meteorite, Colluvium, Soil, Laterite, Regolith, Silcrete, Ferricrete, Caliche, Salcrete, Gossan, Alluvial deposit",-24.7761086,134.755
27,Australian Plate,"Copper ore, Iron ore, Lead ore, Phosphate ore, Silver ore, Sulfide ore, Tin ore, Mafic rock, Orbiculite, Granitoid, Quartz-syenite, Syenite, Quartz-monzonite, Monzonite, Monzodiorite, Quartz-diorite, Diorite, Gabbro, Peridotite, Pyroxenite, Hornblendite, Aplite, Banatite, Ultramafic-rock, Dolerite, Ophiolite, Porphyry, Carbonatite, Melilitolite, Melilitite, Olivine-melilitite, Lamproite, Lamprophyre, Kimberlite, Phoscorite, Chromitite, Cumulate, Glassy igneous rock, Pyroclastic sediment, Pyroclastic-rock, Volcanic breccia, Pegmatite, Sediment, Sedimentary rock, Tectonite, Metadolerite, Metavolcanic rock, Metagranite, Metagabbro, Metadiorite, Serpentinite, Metasedimentary rock, Jade, Granulite, Amphibolite, Slate, Phyllite, Spilite, Greenschist, Greenstone, Gneiss, Schist, Hornfels, Replacement phosphorite, Fenite, Greisen, Skarn, Rodingite, Beresite, Listvenite, Propylite, Albitite, Hydrothermal breccia, Epidosite, Mylonite, Breccia, Meteorite, Colluvium, Soil, Laterite, Regolith, Duricrust, Alluvial deposit",-35.2769708,149.1208812
28,Austria,"Copper ore, Iron ore, Orbiculite, Granite, Granodiorite, Tonalite, Peridotite, Garnet pyroxenite, Clinopyroxenite, Orthopyroxenite, Hornblendite, Aplite, Basalt, Ophiolite, Porphyry, Carbonatite, Lamprophyre, Pegmatite, Gravel, Sand, Sandstone, Shale, Kaolinite-claystone, Siltstone, Concretion, Petrified Wood, Pisolite, Oncolite, Limestone, Dolostone, Phosphorite, Coal, Diatomite, Radiolarite, Sinter, Chert, Calc-schist, Metagabbro, Serpentinite, Quartzite, Metamudstone, Granulite, Amphibolite, Slate, Phyllite, Greenschist, Gneiss, Marble, Calc-silicate rock, Ophicarbonate, Schist, Skarn, Rodingite, Listvenite, Chloritolite, Phyllonite, Ultramylonite, Tektite, Chondrite meteorite",47.59397,14.12456
29,Azerbaijan,"Granitoid, Gabbro, Aplite, Andesite-basalt, Felsite, Dolerite, Porphyry, Pyroclastic-rock, Sandstone, Shale, Argillite, Jasper, Metasomatic-rock",40.3936294,47.7872508
30,Bahamas,"Igneous rock, Gravel, Sand, Sandstone, Mudstone, Concretion, Carbonate rock, Phosphorite, Ironstone, Diatomite, Chert, Volcaniclastic rock, Metamorphic rock, H chondrite meteorite, L4 chondrite meteorite, L6 chondrite meteorite, Iron meteorite, Relict meteorite, Regolith",24.7736546,-78.0000547
31,Bailiwick of Guernsey,"Granite Gneiss, Granodiorite, Dolerite, Aplite",49.4566233,-2.5822348
33,Baltic Sea,"Amphibolite, Gneiss, Impactite, Sandstone, Granitoid, Aplite",56,18
34,Baltic Shield,"Igneous rock, Gravel, Sand, Sandstone, Mudstone, Concretion, Carbonate rock, Phosphorite, Ironstone, Diatomite, Chert, Volcaniclastic rock, Metamorphic rock, H chondrite meteorite, L4 chondrite meteorite, L6 chondrite meteorite, Iron meteorite, Relict meteorite, Regolith",58.488,19.8633
35,Banda Sea Plate,"Metasandstone, Gneiss, Dolerite, Peridotite, Ophiolite, Schist",-5.46594965,126.4178696
36,Bangladesh,"Petrified Wood, Sandstone, Mudstone",24.4769288,90.2934413
37,Barbados,"Granite, Pegmatite",13.1500331,-59.5250305
38,Belarus,"Syenite, Gabbroid, Leucitite, Nephelinite, Acid volcanic rock, Dolerite, Porphyry, Lamprophyre, Sandstone, Halite-stone, Phosphorite",53.4250605,27.6971358
39,Belgium,"Quartz-diorite, Diorite, Aplite, Dolerite, Porphyry, Gravel, Sand, Mud, Conglomerate, Sandstone, Shale, Claystone, Petrified Wood, Pisolite, Limestone, Dolostone, Phosphorite, Coal, Porcellanite, Chert, Metamudstone, Slate, Phyllite, Coticule, Schist",50.6402809,4.6667145
40,Belize,Mudstone,17.1204943,-88.6859028
41,Benin,"Granite, Pegmatite",9.5293472,2.2584408
42,Bermuda,Lamprophyre,32.3040273,-64.7563086
43,Bhutan,"Mafic rock, Granitoid, Syenitoid, Dioritoid, Monzogabbro, Gabbro, Nepheline-syenite, Shonkinite, Peridotite, Pyroxenite, Hornblendite, Aplite, Ultramafic-rock, Dolerite, Ophiolite, Porphyry, Carbonatite, Lamprophyre, Kimberlite, Phoscorite, Chromitite, Magnetitite, Cumulate, Kamafugite, Pyroclastic-rock, Volcanic breccia, Pegmatite, Gravel, Conglomerate, Sandstone, Mudstone, Petrified Wood, Pisolite, Limestone, Dolostone, Ironstone, Diatomite, Chert, Meteorite, Laterite, Regolith, Duricrust, Alluvial deposit, Lacustrine deposi",27.549511,90.5119273
44,Birds Head Plate,"Porphyry, Sandstone, Mudstone, Breccia",0.0002,13
45,Bolivia,"Granite, Granodiorite, Basalt, Dolerite, Porphyry, Lamprophyre, Kimberlite, Agglomerate, Pyroclastic-breccia, Tuff, Pegmatite, Red bed, Sandstone, Mudstone, Petrified Wood, Pisolite, Limestone, Dolostone, Diatomite, Chert, Grainstone, Metasandstone, Metadiamictite, Schist, Laterite",-17.0568696,-64.9912286
46,Borneo,"Granite, Granodiorite, Tonalite, Diorite, Dolerite, Ophiolite, Porphyry, Volcanic breccia, Sediment, Sedimentary rock, Gneiss, Schist",1.4297828,114.7410413
47,Bosnia and Herzegov,"Gabbro, Peridotite, Basalt, Dolerite, Ophiolite, Glassy igneous rock, Pyroclastic-rock, Pegmatite, Sandstone, Mudstone, Limestone, Dolostone, Schist",44.3053476,17.5961467
48,Botswana,"Granitoid, Rhyolite, Dolerite, Pegmatite, Red bed, Sandstone, Mudstone, Limestone, Dolostone, Quartzite, Amphibolite, Gneiss, Schist, Gossan",-23.1681782,24.5928742
49,Brazil,"Mafic rock, Granitoid, Syenitoid, Dioritoid, Monzogabbro, Gabbro, Nepheline-syenite, Shonkinite, Peridotite, Pyroxenite, Hornblendite, Aplite, Ultramafic-rock, Dolerite, Ophiolite, Porphyry, Carbonatite, Lamprophyre, Kimberlite, Phoscorite, Chromitite, Magnetitite, Cumulate, Kamafugite, Pyroclastic-rock, Volcanic breccia, Pegmatite, Gravel, Conglomerate, Sandstone, Mudstone, Petrified Wood, Pisolite, Limestone, Dolostone, Ironstone, Diatomite, Chert, Meteorite, Laterite, Regolith, Duricrust, Alluvial deposit, Lacustrine deposi",-10.3333333,-53.2
50,British and Irish Isles,"Iron ore, granite, granodiorite, quartz-syenite, syenite, monzonite, monzodiorite, diorite, gabbro, nepheline-syenite, shonkinite, teschenite, peridotite, pyroxenite, hornblendite, aplite, ferrodiorite, skomerite, rhyolite, quartz-trachyte, trachybasalt, trachyte, nephelinite, basaltoid, basanite, felsite, dolerite, ophiolite, porphyry, carbonatite, lamprophyre, kimberlite, pyroclastic sediment, agglomerate, tuff, welded tuff, pegmatite, sand, conglomerate, sedimentary breccia, sandstone, mudstone, oolite, petrified wood, anhydrite-stone, halite-stone, ironstone, coal, porcellanite, chert, killas, granulite, amphibolite, slate, phyllite, spilite, greenschist, greenstone, gneiss, marble, calc-silicate rock, schist, hornfels, breccia, laterite",49,10
51,British Virgin Islands,"Iron ore, granite, granodiorite, quartz-syenite, syenite, monzonite, monzodiorite, diorite, gabbro, nepheline-syenite, shonkinite, teschenite, peridotite, pyroxenite, hornblendite, aplite, ferrodiorite, skomerite, rhyolite, quartz-trachyte, trachybasalt, trachyte, nephelinite, basaltoid, basanite, felsite, dolerite, ophiolite, porphyry, carbonatite, lamprophyre, kimberlite, pyroclastic sediment, agglomerate, tuff, welded tuff, pegmatite, sand, conglomerate, sedimentary breccia, sandstone, mudstone, oolite, petrified wood, anhydrite-stone, halite-stone, ironstone, coal, porcellanite, chert, killas, granulite, amphibolite, slate, phyllite, spilite, greenschist, greenstone, gneiss, marble, calc-silicate rock, schist, hornfels, breccia, laterite",18.4024395,-64.5661642
52,Brunei,"Iron ore, granite, granodiorite, quartz-syenite, syenite, monzonite, monzodiorite, diorite, gabbro, nepheline-syenite, shonkinite, teschenite, peridotite, pyroxenite, hornblendite, aplite, ferrodiorite, skomerite, rhyolite, quartz-trachyte, trachybasalt, trachyte, nephelinite, basaltoid, basanite, felsite, dolerite, ophiolite, porphyry, carbonatite, lamprophyre, kimberlite, pyroclastic sediment, agglomerate, tuff, welded tuff, pegmatite, sand, conglomerate, sedimentary breccia, sandstone, mudstone, oolite, petrified wood, anhydrite-stone, halite-stone, ironstone, coal, porcellanite, chert, killas, granulite, amphibolite, slate, phyllite, spilite, greenschist, greenstone, gneiss, marble, calc-silicate rock, schist, hornfels, breccia, laterite",4.4137155,114.5653908
53,Bulgaria,"Granitoid, quartz-syenite, syenite, quartz-monzonite, monzonite, dunite, pyroxenite, aplite, banatite, andesite-basalt, trachyandesite, latite, trachybasalt, trachyte, basalt, basanite, phonolitic-tephrite, tephrite, dolerite, ophiolite, porphyry, carbonatite, lamproite, chromitite, glassy igneous rock, tuff, tuff-breccia, tuffite, volcanic breccia, pegmatite, sediment, sandstone, petrified wood, limestone, dolostone, chert, calc-schist, serpentinite, gneiss, schist, metasomatic-rock, meteorite",42.6073975,25.4856617
54,Burkina Faso,"Granitoid, basalt, porphyry, pegmatite, sandstone, amphibolite, gneiss, schist, diogenite meteorite",12.0753083,-1.6880314
55,Burma Plate,"Quartz-diorite, diorite, peridotite, pyroxenite, basalt, porphyry, volcanic breccia, mudstone, wackestone",21.8846055,95.9858163
56,Burundi,"Granite, S-type granite, gabbro, aplite, dolerite, porphyry, carbonatite, pegmatite, gneiss, cataclasite",-3.426449,29.9324519
57,Cambodia,"Basaltic-trachyandesite, Trachybasalt, Petrified Wood, Basalt",12.5433216,104.8144914
58,Cameroon,"Granitoid, quartz-syenite, syenite, monzonite, gabbro, peridotite, pyroxenite, rhyolite, trachyte, nephelinite, basalt, basanite, tephrite, basanite, porphyry, tuff, pegmatite, ironstone, granulite, amphibolite, gneiss, schist, meteorite",4.6125522,13.1535811
59,Canada,"Iron ore, igneous rock, sediment, sedimentary rock, metamorphic rock, breccia, meteorite, regolith, gossan",61.0666922,-107.991707
60,Cape Verde,Igneous rock,16.0000552,-24.0083947
61,Central Africa,"Granodiorite, tonalite, dolerite, ophiolite, porphyry, glassy igneous rock, pyroclastic-rock, volcanic breccia, sediment, sedimentary rock, metasedimentary rock, eclogite, blueschist, amphibolite, schist, skarn, laterite, duricrust",-25.3579401,-57.5835295
62,Central African Repub,"Granitoid, syenite, quartz-monzonite, monzonite, gabbro, pyroxenite, aplite, andesite-basalt, felsite, dolerite, porphyry, pyroclastic-rock, tuffite, volcanic breccia, pegmatite, conglomerate, sandstone, mudstone, petrified wood, phosphorite, chert, volcaniclastic rock, porphyroid, parabasalt, metamudstone, amphibolite, gneiss, schist, hornfels, metasomatic-rock",7.0323998,19.9981227
63,Central America,"Mudstone, Ironstone, Grainstone, Wackestone, Packstone",-30.2928485,153.1256159
64,Chad,"Granitoid, syenite, quartz-monzonite, monzonite, gabbro, pyroxenite, aplite, andesite-basalt, felsite, dolerite, porphyry, pyroclastic-rock, tuffite, volcanic breccia, pegmatite, conglomerate, sandstone, mudstone, petrified wood, phosphorite, chert, volcaniclastic rock, porphyroid, parabasalt, metamudstone, amphibolite, gneiss, schist, hornfels, metasomatic-rock",15.6134137,19.0156172
65,Channel Islands,"Granodiorite, peridotite, dolerite, ophiolite, porphyry, pyroclastic sediment, lapilli-tuff, pyroclastic-breccia, tuff, welded tuff, volcanic breccia, sediment, sedimentary rock, metasedimentary rock, jade, eclogite, blueschist, amphibolite, schist, skarn, albitite, hydrothermal breccia, laterite",49.2123066,-2.1256
66,Chile,"Granite, foid-gabbro, rhyolite, basalt, tuff, metagabbro, serpentinite, gneiss, schist, metasomatic-rock",-31.7613365,-71.3187697
67,China,"Copper ore, gold ore, iron ore, igneous rock, sediment, sedimentary rock, metamorphic rock, L3 chondrite meteorite, L4 chondrite meteorite, L5 chondrite meteorite, L6 chondrite meteorite, IIIAB iron meteorite, IIIE iron meteorite, IVA iron meteorite, mesosiderite meteorite, iron meteorite, IAB complex iron meteorite, soil, laterite, regolith, aeolian deposit, alluvial deposit, lacustrine deposit",35.0000663,104.999955
68,Cocos Plate,Gabbroid,15,95
69,Colombia,"Granitoid, Peridotite, Porphyry, Pegmatite, Conglomerate, Sandstone, Mudstone, Phosphorite, Gneiss, Marble, Schist, Skarn, Hydrothermal breccia",4.099917,-72.9088133
70,Comoro Islands,"Peridotite, Trachyte, Phonolite, Basalt, Basanite, Tephrite",-12.2265681,44.4107049
71,Comoros,"Peridotite, Trachyte, Phonolite, Basalt, Basanite",-12.2045176,44.2832964
72,Conway Reef Plate,"Nickel ore, Tonalite, Diorite, Gabbroid, Peridotite, Pyroxenite, Hornblendite, Basalt, Dolerite, Ophiolite, Porphyry, Tuffite, Pegmatite, Sandstone, Mudstone, Pisolite, Limestone, Radiolarite, Tectonite, Jade, Zoisitite, Blueschist, Amphibolite, Gneiss, Schist, Laterite",-21.4418,174.6373
73,Cook Islands,"Trachyte, Foidite, Basalt, Basanite, Picrobasalt",-19.9969716,-157.7858714
74,Costa Rica,"Peridotite, Ophiolite, Pyroclastic sediment, Volcanic breccia, Sandstone, Mudstone, Petrified Wood, Diatomite, Chert",10.2735633,-84.0739102
75,Croatia,"Carbonate rock, Grainstone, Wackestone, Packstone, Bauxite, Palaeosol, Regolith",45.3658443,15.6572058
76,Cuba,"Nickel ore, Tonalite, Diorite, Gabbroid, Peridotite, Pyroxenite, Hornblendite, Basalt, Dolerite, Ophiolite, Porphyry, Tuffite, Pegmatite, Sandstone, Mudstone, Pisolite, Limestone, Radiolarite, Tectonite, Jade, Zoisitite, Blueschist, Amphibolite, Gneiss, Schist, Laterite",23.0131338,-80.8328748
77,Curaçao,"Basalt, Dolerite",12.1176488,-68.9309263
78,Cyprus,"Peridotite, Pyroxenite, Pillow lava, Ophiolite, Jasper, Tectonite",34.9174159,32.889027
79,Czech Republic,"Granitoid, Syenite, Monzonite, Monzodiorite, Quartz-diorite, Diorite, Monzogabbro, Gabbro, Sodalite-syenite, Nepheline-syenite, Peridotite, Pyroxenite, Hornblendite, Aplite, Andesite-basalt, Trachyandesite, Trachybasalt, Trachyte, Phonolite, Tephritic-phonolite, Leucitite, Nephelinite, Hauynite, Basaltoid, Basanite, Tephrite, Amygdaloid, Augitite, Melaphyre, Dolerite, Porphyry, Carbonatite, Melilitolite, Melilitite, Lamproite, Lamprophyre, Cumulate, Pyroclastic sediment, Agglomerate, Tuff, Tuff-breccia, Tuffite, Volcanic breccia, Pegmatite, Gravel, Sand, Sandstone, Shale, Claystone, Siltstone, Petrified Wood, Pisolite, Carbonate rock, Phosphorite, Coal, Diatomite, Porcellanite, H5 chondrite meteorite, H6 chondrite meteorite, Iron meteorite",49.7439047,15.3381061
80,Czechoslovakia,"Granitoid, Syenite, Monzonite, Monzodiorite, Quartz-diorite, Diorite, Monzogabbro, Gabbro, Sodalite-syenite, Nepheline-syenite, Peridotite, Pyroxenite, Hornblendite, Aplite, Andesite-basalt, Trachyandesite, Trachybasalt, Trachyte, Phonolite, Tephritic-phonolite, Leucitite, Nephelinite, Haüynite, Basaltoid, Augitite, Melaphyre, Dolerite, Ophiolite, Porphyry, Carbonatite, Melilitolite, Lamproite, Lamprophyre, Cumulate, Pyroclastic sediment, Tuff, Tuff-breccia, Tuffite, Volcanic breccia, Pegmatite, Gravel, Sandstone, Mudstone, Oolite, Petrified Wood, Pisolite, Limestone, Dolostone, Phosphorite, Ironstone, Coal, Diatomite, Metamorphic rock, H5 chondrite meteorite, H6 chondrite meteorite, L3 chondrite meteorite, L5 chondrite meteorite, L6 chondrite meteorite, Iron meteorite",48.257918,14.5007688
81,Dead Sea,"Nickel ore, Tonalite, Diorite, Gabbroid, Peridotite, Pyroxenite, Hornblendite, Basalt, Dolerite, Ophiolite, Porphyry, Tuffite, Pegmatite, Sandstone, Mudstone, Pisolite, Limestone, Radiolarite, Tectonite, Jade, Zoisitite, Blueschist, Amphibolite, Gneiss, Schist, Laterite",31.5414738,35.4787059
82,Denmark,"Granite, Aplite, Trachybasalt, Basalt, Sandstone, Petrified Wood, Diatomite",55.670249,10.3333283
83,Djibouti,Rhyolite,11.8145966,42.8453061
84,Dominica,"Nickel ore, Tonalite, Diorite, Gabbroid, Peridotite, Pyroxenite, Hornblendite, Basalt, Dolerite, Ophiolite, Porphyry, Tuffite, Pegmatite, Sandstone, Mudstone, Pisolite, Limestone, Radiolarite, Tectonite, Jade, Zoisitite, Blueschist, Amphibolite, Gneiss, Schist, Laterite",15.4113138,-61.3653618
85,Dominican Republic,"Basaltoid, Dolerite, Ophiolite, Glassy igneous rock, Pyroclastic-rock, Volcanic breccia, Ironstone, Eclogite, Blueschist, Amphibolite, Schist, Laterite, Duricrust",19.0974031,-70.3028026
86,DR Congo,"Granitoid, Quartz-syenite, Syenite, Nepheline-syenite, Cancrinite-syenite, Aplite, Trachyte, Leucitite, Nephelinite, Basalt, Dolerite, Porphyry, Carbonatite, Kimberlite, Tuffite, Pegmatite, Conglomerate, Sandstone, Mudstone, Limestone, Dolostone, Phosphorite, Siliceous-rock, Metadolerite, Metagabbro, Metasedimentary rock, Gneiss, Schist, Epidosite, Breccia, Laterite",-2.9814344,23.8222636
87,Earth,"Nickel ore, Tonalite, Diorite, Gabbroid, Peridotite, Pyroxenite, Hornblendite, Basalt, Dolerite, Ophiolite, Porphyry, Tuffite, Pegmatite, Sandstone, Mudstone, Pisolite, Limestone, Radiolarite, Tectonite, Jade, Zoisitite, Blueschist, Amphibolite, Gneiss, Schist, Laterite",34.2331373,-102.4107049
88,East Timor,"Mafic rock, Peridotite, Hornblendite, Dolerite, Ophiolite, Sandstone, Shale, Schist",-8.7443169,126.063482
89,Easter Plate,"Nickel ore, Tonalite, Diorite, Gabbroid, Peridotite, Pyroxenite, Hornblendite, Basalt, Dolerite, Ophiolite, Porphyry, Tuffite, Pegmatite, Sandstone, Mudstone, Pisolite, Limestone, Radiolarite, Tectonite, Jade, Zoisitite, Blueschist, Amphibolite, Gneiss, Schist, Laterite",-27.11441,-109.42527
90,Ecuador,"Dioritoid, Peridotite, Andesite-basalt, Pillow lava, Andesite, Basalt, Porphyry, Pyroclastic sediment, Agglomerate, Lapilli-tuff, Tuff, Tuff-breccia, Volcanic breccia, Sandstone, Mudstone, Chert, Amphibolite, Schist",-1.3397668,-79.3666965
91,Egypt,"Mafic rock, Granitoid, Quartz-syenite, Syenite, Quartz-monzonite, Dioritoid, Gabbroid, Nepheline-syenite, Analcime-syenite, Peridotite, Pyroxenite, Aplite, Andesite-basalt, Pillow lava, Rhyolite, Trachytoid, Dacite-andesite, Andesite, Phonolite, Nephelinite, Basaltoid, Mafic volcanic rock, Amygdaloid, Felsite, Ultramafic-rock, Dolerite, Ophiolite, Porphyry, Carbonatite, Lamprophyre, Agglomerate, Lapilli-tuff, Tuff, Volcanic breccia, Pegmatite, Epidiorite, Gravel, Sand, Sandstone, Mudstone, Concretion, Petrified Wood, Carbonate rock, Phosphorite, Ironstone, Chert, Volcaniclastic rock, Metamorphic rock",26.2540493,29.2675469
92,El Salvador,"Peridotite, Pyroxenite, Pegmatite, Metagabbro, Serpentinite, Gneiss",13.8000382,-88.9140683
93,Equatorial Guinea,"Basalt, Trachyte",1.613172,10.5170357
94,Eritrea,"Granitoid, Phonolite, Pyroclastic-rock, Pegmatite, Metabasalt, Gneiss, Schist",15.9500319,37.9999668
95,Estonia,"Granitoid, Sandstone, Siltstone, Phosphorite, Amphibolite, Gneiss, Impactite",58.7523778,25.3319078
96,Eswatini,"Peridotite, Pyroxenite, Pegmatite, Metagabbro, Serpentinite, Gneiss",-26.5624806,31.3991317
97,Ethiopia,"Peralkaline alkali-feldspar-granite, Granite, Granodiorite, Syenite, Peridotite, Pyroxenite, Aplite, Rhyolite, Quartz-trachyte, Trachyandesite, Trachybasalt, Trachyte, Phonolite, Nephelinite, Basalt, Basanite, Tephrite, Adakite, Dolerite, Porphyry, Pyroclastic-rock, Pegmatite, Sandstone, Mudstone, Serpentinite, Gneiss, Schist, Lacustrine deposit",10.2116702,38.6521203
98,Eurasian Plate,"Peridotite, Pyroxenite, Pegmatite, Metagabbro, Serpentinite, Gneiss",63.8682171,-22.6751623
99,Europe,"Cobalt ore, Copper ore, Gold ore, Iron ore, Lead ore, Igneous rock, Sediment, Sedimentary rock, Metamorphic rock, Breccia, Meteorite, Laterite, Palaeosol, Regolith, Silcrete, Gossan, Alluvial deposit, Lacustrine deposit",51,10
100,Falkland Islands,"Granitoid, Dolerite, Lamprophyre, Gravel, Sandstone, Mudstone, Gneiss",-51.9492937,-59.5383657
101,Faroe Islands,"Peridotite, Pyroxenite, Pegmatite, Metagabbro, Serpentinite, Gneiss",62.1988704,-6.8178451
102,Federated States of,"Trachyte, Basanite",8.6062347,151.8327443
104,Finland,"Orbiculite, Granitoid, Gabbro, Nepheline-syenite, Peridotite, Pyroxenite, Aplite, Ferrodiorite, Pillow lava, Intermediate volcanic rock, Mafic volcanic rock, Dolerite, Ophiolite, Porphyry, Carbonatite, Lamproite, Lamprophyre, Kimberlite",63.2467777,25.9209164
105,Futuna Plate,"Mafic rock, Orbiculite, Granitoid, Quartz-syenite, Syenite, Monzonite, Monzogabbro, Gabbro, Nepheline-syenite, Peridotite, Pyroxenite, Hornblendite, Aplite. Pillow lava, Rhyolite, Quartz-trachyte, Trachyandesite, Latite, Trachybasalt, Trachyte, Andesite, Phonolite, Tephritic-phonolite, Foidite, Basalt, Variolite, Basanite, Phonolitic-tephrite, Tephrite. Picrobasalt, Dolerite, Ophiolite, Porphyry, Lamproite, Lamprophyre, Pyroclastic sediment, Pyroclastic-rock, Tuffite, Volcanic breccia, Pegmatite. Gravel, Sand, Conglomerate, Sandstone, Mudstone, Concretion, Petrified Wood, Pisolite, Carbonate rock, Evaporite, Phosphorite, Ooid-ironstone, Coal. Diatomite, Spiculite, Chert, Grainstone, Wackestone, Packstone, CM chondrite meteorite, Aubrite meteorite, Howardite meteorite, Pallasite meteorite. Laterite, Regolith, Duricrust, Loess",-14,-178
